﻿nombre,apellido_pat,apellido_mat,titulo,fecha_nacimiento,otros
Alejandro,McAlpine,McAlpine,Senior Engineer,1953-09-19,
Breannda,Billingsley,Billingsley,Staff,1961-10-15,
Tse,Herber,Herber,Senior Engineer,1962-10-19,
Anoosh,Peyn,Peyn,Engineer,1961-11-02,
Gino,Leonhardt,Leonhardt,Senior Engineer,1952-08-06,
Udi,Jansch,Jansch,Senior Staff,1959-04-07,
Satosi,Awdeh,Awdeh,Staff,1963-04-14,
Kwee,Schusler,Schusler,Senior Engineer,1952-11-13,
Claudi,Stavenow,Stavenow,Senior Staff,1953-01-07,
Charlene,Brattka,Brattka,Staff,1962-11-26,
Margareta,Bierman,Bierman,Assistant Engineer,1960-09-06,
Reuven,Garigliano,Garigliano,Assistant Engineer,1955-08-20,
Hisao,Lipner,Lipner,Engineer,1958-01-21,
Hironoby,Sidou,Sidou,Senior Engineer,1952-05-15,
Shir,McClurg,McClurg,Engineer,1954-02-23,
Mokhtar,Bernatsky,Bernatsky,Staff,1955-08-28,
Gao,Dolinsky,Dolinsky,Engineer,1960-03-09,
Erez,Ritzmann,Ritzmann,Senior Engineer,1952-06-13,
Mona,Azuma,Azuma,Senior Staff,1964-04-18,
Danel,Mondadori,Mondadori,Engineer,1959-12-25,
Kshitij,Gils,Gils,Senior Staff,1961-10-05,
Premal,Baek,Baek,Staff,1957-12-03,
Zhongwei,Rosen,Rosen,Senior Staff,1960-12-17,
Parviz,Lortz,Lortz,Staff,1963-09-09,
Vishv,Zockler,Zockler,Engineer,1959-07-23,
Tuval,Kalloufi,Kalloufi,Senior Engineer,1960-05-25,
Kenroku,Malabarba,Malabarba,Staff,1962-11-07,
Somnath,Foote,Foote,Engineer,1962-11-19,
Xinglin,Eugenio,Eugenio,Technique Leader,1959-07-23,
Jungsoon,Syrzycki,Syrzycki,Engineer,1954-02-25,
