﻿nombre,apellido_pat,apellido_mat,fecha_nacimiento,peso,altura,numero_seguro_social,genero,telefono_casa,telefono_trabajo,telefono_movil,otros
Georgi,Facello,Facello,1960-02-20,93,1.99,10001,M,,,,
Bezalel,Simmel,Simmel,1952-07-08,88,1.69,10002,F,,,,
Parto,Bamford,Bamford,1953-09-29,62,1.88,10003,M,,,,
Chirstian,Koblick,Koblick,1958-09-05,93,1.84,10004,M,,,,
Kyoichi,Maliniak,Maliniak,1958-10-31,86,1.89,10005,M,,,,
Anneke,Preusig,Preusig,1953-04-03,86,1.54,10006,F,,,,
Tzvetan,Zielinski,Zielinski,1962-07-10,56,1.77,10007,F,,,,
Saniya,Kalloufi,Kalloufi,1963-11-26,78,1.82,10008,M,,,,
Sumant,Peac,Peac,1956-12-13,85,1.64,10009,F,,,,
Duangkaew,Piveteau,Piveteau,1958-07-14,92,1.71,10010,F,,,,
Mary,Sluis,Sluis,1959-01-27,96,1.96,10011,F,,,,
Patricio,Bridgland,Bridgland,1960-08-09,63,1.9,10012,M,,,,
Eberhardt,Terkki,Terkki,1956-11-14,81,1.64,10013,M,,,,
Berni,Genin,Genin,1962-12-29,67,1.74,10014,M,,,,
Guoxiang,Nooteboom,Nooteboom,1953-02-08,60,1.55,10015,M,,,,
Kazuhito,Cappelletti,Cappelletti,1959-08-10,97,1.71,10016,M,,,,
Cristinel,Bouloucos,Bouloucos,1963-07-22,66,1.91,10017,F,,,,
Kazuhide,Peha,Peha,1960-07-20,88,1.51,10018,F,,,,
Lillian,Haddadi,Haddadi,1959-10-01,85,1.61,10019,M,,,,
Mayuko,Warwick,Warwick,1959-09-13,96,1.78,10020,M,,,,
Ramzi,Erde,Erde,1959-08-27,91,1.61,10021,M,,,,
Shahaf,Famili,Famili,1956-02-26,70,1.81,10022,M,,,,
Bojan,Montemayor,Montemayor,1960-09-19,86,1.8,10023,F,,,,
Suzette,Pettey,Pettey,1961-09-21,79,1.74,10024,F,,,,
Prasadram,Heyers,Heyers,1957-08-14,91,1.95,10025,M,,,,
Yongqiao,Berztiss,Berztiss,1960-07-23,75,1.91,10026,M,,,,
Divier,Reistad,Reistad,1952-06-29,57,1.6,10027,F,,,,
Domenick,Tempesti,Tempesti,1963-07-11,62,1.72,10028,M,,,,
Otmar,Herbst,Herbst,1961-04-24,77,1.6,10029,M,,,,
Elvis,Demeyer,Demeyer,1958-05-21,93,1.64,10030,M,,,,
Karsten,Joslin,Joslin,1953-07-28,95,1.52,10031,M,,,,
Jeong,Reistad,Reistad,1961-02-26,84,1.6,10032,F,,,,
Arif,Merlo,Merlo,1954-09-13,92,1.77,10033,M,,,,
Bader,Swan,Swan,1957-04-04,69,1.56,10034,M,,,,
Alain,Chappelet,Chappelet,1956-06-06,57,1.55,10035,M,,,,
Adamantios,Portugali,Portugali,1961-09-01,62,1.99,10036,M,,,,
Pradeep,Makrucki,Makrucki,1954-05-30,60,1.75,10037,M,,,,
Huan,Lortz,Lortz,1954-10-01,97,1.88,10038,M,,,,
Alejandro,Brender,Brender,1959-10-01,92,1.78,10039,M,,,,
Weiyi,Meriste,Meriste,1959-09-13,97,1.84,10040,F,,,,
Uri,Lenart,Lenart,1959-08-27,80,1.9,10041,F,,,,
Magy,Stamatiou,Stamatiou,1956-02-26,69,1.91,10042,F,,,,
Yishay,Tzvieli,Tzvieli,1960-09-19,65,1.95,10043,M,,,,
Mingsen,Casley,Casley,1961-09-21,90,1.8,10044,F,,,,
Moss,Shanbhogue,Shanbhogue,1957-08-14,90,1.97,10045,M,,,,
Lucien,Rosenbaum,Rosenbaum,1960-07-23,85,1.53,10046,M,,,,
Zvonko,Nyanchama,Nyanchama,1952-06-29,78,1.65,10047,M,,,,
Florian,Syrotiuk,Syrotiuk,1963-07-11,76,1.58,10048,M,,,,
Basil,Tramer,Tramer,1961-04-24,99,1.55,10049,F,,,,
Yinghua,Dredge,Dredge,1958-05-21,78,1.54,10050,M,,,,
Hidefumi,Caine,Caine,1953-07-28,54,1.84,10051,M,,,,
Heping,Nitsch,Nitsch,1961-02-26,85,1.59,10052,M,,,,
Sanjiv,Zschoche,Zschoche,1954-09-13,52,1.53,10053,F,,,,
Mayumi,Schueller,Schueller,1957-04-04,75,1.72,10054,M,,,,
Georgy,Dredge,Dredge,1956-06-06,97,1.61,10055,M,,,,
Brendon,Bernini,Bernini,1961-09-01,91,1.63,10056,F,,,,
Ebbe,Callaway,Callaway,1954-05-30,91,1.96,10057,F,,,,
Berhard,McFarlin,McFarlin,1954-10-01,99,1.96,10058,M,,,,
