﻿fecha admisión,Condicion médica,otros
2017-04-08,Abdominal Aortic Aneurysm,
2017-04-09,Abdominal Cramps (Heat Cramps),
2017-04-10,Abdominal Hernia (Hernia Overview),
2017-04-12,"Bacterial Vaginosis (Causes, Symptoms, Treatment)",
2017-04-12,Bad Breath,
2017-04-14,Bad Cholesterol Test (Cholesterol Test),
2017-04-15,Baker Cyst,
2017-04-15,"Farting (Intestinal Gas (Belching, Bloating, Flatulence))",
2017-04-16,Fast Heart Beat (Palpitations Overview),
2017-04-17,Fatigue,
2017-04-18,Fatigue From Cancer (Cancer Fatigue,
2017-04-19,Lambliasis (Giardia Lamblia),
2017-04-20,Lambliosis (Giardia Lamblia),
2017-04-22,Landau-Kleffner Syndrome,
2017-04-22,Lap Band Surgery (Gastric Banding),
2017-04-24,Laparoscopic Liver Biopsy (Liver Biopsy),
2017-04-24,Omega-3 Fatty Acids,
2017-04-25,Onchocerciasis,
2017-04-27,Onychocryptosis (Ingrown Toenail),
2017-04-28,Scarlatina),
2017-04-28,Scars,
2017-04-30,Schatzki Ring,
2017-05-01,Scheuermann's Kyphosis (Kyphosis),
2017-05-01,Schistosoma guineensis (Schistosomiasis),
2017-05-02,Schistosoma haematobium (Schistosomiasis),
2017-05-04,Schistosoma japonicum (Schistosomiasis),
2017-05-04,Tachycardia (Heart Rhythm Disorders),
2017-05-06,"Tachycardia, Paroxysmal Atrial (Paroxysmal Supraventricular Tachycardia (PSVT))",
2017-05-07,"Tachycardia, Paroxysmal Supraventricular (Paroxysmal Supraventricular Tachycardia (PSVT))",
2017-05-07,Tailbone Pain (Coccydynia),
2017-05-09,Tailor's Bunion (Bunions),
2017-05-10,Takayasu Arteritis (Takayasu Disease),
2017-05-10,Takayasu Disease,
2017-05-11,Taking Dental Medications,
2017-05-13,Tarry Stools (Stool Color Changes),
2017-05-14,Abdominal Aortic Aneurysm,
2017-05-14,Abdominal Cramps (Heat Cramps),
2017-05-15,Abdominal Hernia (Hernia Overview),
2017-05-16,"Bacterial Vaginosis (Causes, Symptoms, Treatment)",
2017-05-18,Bad Breath,
2017-05-18,Bad Cholesterol Test (Cholesterol Test),
2017-05-20,Baker Cyst,
2017-05-21,"Farting (Intestinal Gas (Belching, Bloating, Flatulence))",
2017-05-22,Fast Heart Beat (Palpitations Overview),
2017-05-23,Fatigue,
2017-05-23,Fatigue From Cancer (Cancer Fatigue,
2017-05-25,Lambliasis (Giardia Lamblia),
2017-05-25,Lambliosis (Giardia Lamblia),
2017-05-27,Landau-Kleffner Syndrome,
2017-05-28,Lap Band Surgery (Gastric Banding),
2017-05-29,Laparoscopic Liver Biopsy (Liver Biopsy),
2017-05-29,Omega-3 Fatty Acids,
2017-05-31,Onchocerciasis,
2017-05-31,Onychocryptosis (Ingrown Toenail),
2017-06-01,Scarlatina),
2017-06-02,Scars,
2017-06-04,Schatzki Ring,
2017-06-05,Scheuermann's Kyphosis (Kyphosis),
